"","FDG.Left_G_cingul.Post.dorsal","FDG.Left_S_front_inf","FDG.Right_G_oc.temp_med.Lingual","FDG.Right_G_parietal_sup","FDG.Right_S_subparietal","FDG.Left.Hippocampus"
"Amyloid.Left_G_temporal_inf",-5.19207998250523,-2.41198248131177,-1.47864060257837,-1.85004004255922,-4.17204965523644,-3.94217960915063
"Amyloid.Right_G_pariet_inf.Angular",-5.41568800037172,-1.77705097658119,-1.49994250714701,-1.61419833758165,-4.47071876123954,-4.49257838759139
"Amyloid.Left.Putamen",0.515721569341011,1.16344512016183,0.169601799151292,0.753743305970304,1.70929324064302,0.615893912381627
"Amyloid.Right.Putamen",0.376034388707856,0.751085112804521,-0.0162501396237436,0.0950681755939673,1.64524589904237,0.202128171705967
"Amyloid.Right.Pallidum",3.46039596965503,1.83795343489744,0.604954570984113,1.1295375910482,3.6724362149218,2.9029264561404
